/*
 Navicat Premium Data Transfer

 Source Server         : waterAli
 Source Server Type    : MySQL
 Source Server Version : 50081
 Source Host           : 115.28.149.179
 Source Database       : waterinfodb

 Target Server Type    : MySQL
 Target Server Version : 50081
 File Encoding         : utf-8

 Date: 07/05/2016 22:10:51 PM
 Date: 08/21/2016 22:10:51 PM
*/

SET NAMES utf8;
SET FOREIGN_KEY_CHECKS = 0;

-- ----------------------------
--  Table structure for `tbl_code_mst`
-- ----------------------------
DROP TABLE IF EXISTS `tbl_code_mst`;
CREATE TABLE `tbl_code_mst` (
  `CodeKey` varchar(10) NOT NULL COMMENT '区分\\nC001    \\n图像识别标记  Tbl_WaterInfo.IdentifyFlag\\nC002    \\n设备有效区分   Tbl_DeviceInfo_Mst.ValidFlag\\nC003\\n设备采集间隔   Tbl_DeviceInfo_Mst.CollectRate\\nC004\\n图像传输间隔   Tbl_DeviceInfo_Mst.TransferRate',
  `CodeType1` varchar(2) NOT NULL COMMENT '类别1\\n',
  `CodeType2` varchar(2) NOT NULL COMMENT '类别2\\n99：无意义',
  `CodeValue` varchar(50) NOT NULL COMMENT '内容',
  `CommentText` varchar(100) default NULL COMMENT '备注',
  `InsertUser` varchar(20) default NULL COMMENT '登录人员',
  `InsertDate` datetime default NULL COMMENT '登录日期',
  `UpdateUser` varchar(20) default NULL COMMENT '更新人员',
  `UpdateDate` datetime default NULL COMMENT '更新日期',
  PRIMARY KEY  (`CodeKey`,`CodeType1`,`CodeType2`)
) ENGINE=InnoDB DEFAULT CHARSET=utf8 COMMENT='该表存储系统基础信息';

-- ----------------------------
--  Records of `tbl_code_mst`
-- ----------------------------
BEGIN;
INSERT INTO `tbl_code_mst` VALUES ('C001', '0', '99', '未识别', null, null, null, null, null), ('C001', '1', '99', '已识别', null, null, null, null, null), ('C001', '2', '99', '已修正', null, null, null, null, null), ('C002', '0', '99', '无效', null, null, null, null, null), ('C002', '1', '99', '有效', null, null, null, null, null), ('C003', '1', '99', '1天', null, null, null, null, null), ('C003', '2', '99', '1个月', null, null, null, null, null), ('C004', '1', '99', '1次拍摄1幅图', null, null, null, null, null);
COMMIT;

-- ----------------------------
--  Table structure for `tbl_dep_mst`
-- ----------------------------
DROP TABLE IF EXISTS `tbl_dep_mst`;
CREATE TABLE `tbl_dep_mst` (
  `KeyCode` varchar(11) NOT NULL,
  `DepID` varchar(3) NOT NULL,
  `DepName` varchar(80) NOT NULL,
  `DepAddress` varchar(200) default NULL,
  `DepTel` varchar(20) default NULL,
  `DepValidFlag` varchar(1) NOT NULL default '1',
  `InsertUser` varchar(20) NOT NULL,
  `InsertTime` datetime NOT NULL,
  `UpdateUser` varchar(20) NOT NULL,
  `UpdateTime` datetime NOT NULL,
  PRIMARY KEY  (`KeyCode`,`DepID`)
) ENGINE=InnoDB DEFAULT CHARSET=utf8;

-- ----------------------------
--  Records of `tbl_dep_mst`
-- ----------------------------
BEGIN;
INSERT INTO `tbl_dep_mst` VALUES ('1', '001', '测试部门', '沈阳市和平区解放路23号世宁大厦1层', '024-62806688', '1', 'hscn123', '2016-07-05 22:03:47', 'hscn123', '2016-07-05 22:03:49'), ('2', '002', '沈阳市浑南区水务局业务二科', '沈阳市浑南区香港路1号', '024-87102268', '1', 'hscn123', '2016-07-05 22:10:02', 'hscn123', '2016-07-05 22:10:04');
COMMIT;

-- ----------------------------
--  Table structure for `tbl_deviceinfo_mst`
-- ----------------------------
DROP TABLE IF EXISTS `tbl_deviceinfo_mst`;
CREATE TABLE `tbl_deviceinfo_mst` (
  `DeviceID` varchar(15) NOT NULL COMMENT '设备ID\\n\\''\\''W\\''+6位测点ID+8位设备序列号',
  `DeviceName` varchar(20) default NULL COMMENT '设备名称',
  `RegionID` varchar(6) NOT NULL COMMENT '测点ID\\n设备测点（区域），关联RegionInfo表',
  `ValidFlag` varchar(1) NOT NULL default '1' COMMENT '设备有效区分\\n判别设备是否有效，如无效，则不采集数据，也不上传。\\n1：有效\\n0：无效\\n※需要和设备方的接口确认',
  `DeviceSimNo` varchar(15) NOT NULL COMMENT '设备对应imsi卡\\\\n设备对应的imsi卡号（15位）',
  `CollectRate` varchar(1) NOT NULL default '2' COMMENT '图像采集间隔\\\\\\\\n图像采集频率代码：\\\\n1:1天\\\\n2:1个月（默认）\\\\n3:3个月\\\\n4:6个月\\\\n5:1年',
  `CollectTime` datetime default NULL COMMENT '采集时间\\\\n当采集间隔是4（1天）及以上时有效。在设定的时间进行采集。\\\\n采集频率在1天以下时，默认在整点进行采集。\\\\n※需要和设备方的接口确认',
  `TransferRate` varchar(1) NOT NULL default '1' COMMENT '图像传输间隔\\\\n图像传输规则代码：\\n\\n1:1次拍摄1幅图(默认）\\n2:1次拍摄2幅图\\n3:1次拍摄3幅图',
  `DeviceAddress` varchar(100) default NULL COMMENT '设备地址\\n设备所处具体物理地址',
  `DeviceOwner` varchar(20) default NULL COMMENT '设备使用人\\\\n设备所有人的名字',
  `Tel` varchar(20) default NULL COMMENT '联系电话\\\\n设备所处地的联系电话',
  `InsertUser` varchar(20) NOT NULL COMMENT '登录人员\\n登录用户的UserID',
  `InsertDate` datetime NOT NULL COMMENT '登录日期\\nInsert记录的时间',
  `UpdateUser` varchar(20) NOT NULL COMMENT '更新人员\\n登录用户的UserID',
  `UpdateDate` datetime NOT NULL COMMENT '更新日期\\nUpdate记录的时间',
  `UploadDate` varchar(2) NOT NULL COMMENT '从终端向服务器通信的日期参数：\\n\\n如果图像采集间隔=\\''1\\''：每天拍照，则上传日期参数为\\''00\\''，每日上传1次，根据【10.数据上传时间】来决定每日上传时间。\\n如果图像采集间隔>=\\''2\\''：1月或1月以上拍照1次，则上传日期参数为\\''01\\''-\\''31\\''内的2位日期，每月上传1次，组合【9.数据上传日+10.数据上传时间】来决定上传时间。\\n※上传频率有两种情况：1日一次，or 1月1次。\\n※实际运用中，下发的日期参数为01-20范围内，21以上为系统升级备份时间，不进行数据传输。\\n',
  `UploadTime` varchar(5) NOT NULL COMMENT '从终端向服务器通信的分时参数，和【9.数据上传日】组合，定义上传的时间。\\\\\\\\\\\\\\\\n如：UploadDate=\\\\\\\\\\\\\\\\\\\\\\\\\\\\\\''00\\\\\\\\\\\\\\\\\\\\\\\\\\\\\\'',UploadTime=\\\\\\\\\\\\\\\\\\\\\\\\\\\\\\''0100\\\\\\\\\\\\\\\\\\\\\\\\\\\\\\'',表示每天01:00上传数据；\\\\\\\\\\\\\\\\nUploadDate=\\\\\\\\\\\\\\\\\\\\\\\\\\\\\\''01\\\\\\\\\\\\\\\\\\\\\\\\\\\\\\'',UploadTime=\\\\\\\\\\\\\\\\\\\\\\\\\\\\\\''0230\\\\\\\\\\\\\\\\\\\\\\\\\\\\',
  `TerminalPara` varchar(2) NOT NULL,
  `TerminalID` varchar(15) NOT NULL default '',
  `DeviceStaff` varchar(20) default NULL,
  `StaffTel` varchar(20) default NULL,
  PRIMARY KEY  (`DeviceID`)
) ENGINE=InnoDB DEFAULT CHARSET=utf8 ROW_FORMAT=COMPACT COMMENT='该表存储水表读数采集设备信息';

-- ----------------------------
--  Records of `tbl_deviceinfo_mst`
-- ----------------------------
BEGIN;
INSERT INTO `tbl_deviceinfo_mst` VALUES ('W00000100000001', 'This is 设备1', '000001', '1', '123456789012', '2', '2016-02-12 00:00:00', '1', '沈阳市浑南区沈中大街1号3单元201', '钱蒙强', '13155175623', 'hscn123', '2015-02-03 00:00:00', 'hscn123', '2016-04-01 00:00:00', '10', '00:30', '05', '010116070500001', '张军', '18600908655'), ('W00000100000002', 'This is 设备2', '000001', '1', '123456789013', '1', '2016-02-12 00:00:00', '1', '沈阳市浑南区沈中大街12号1-102', '刘三洪', '024-82062182', 'hscn123', '2015-02-03 00:00:00', 'hscn123', '2016-04-01 00:00:00', '00', '00:30', '05', '010116070500002', '张军', '18600908655'), ('W00000100000003', 'This is 设备3', '000001', '1', '123456789014', '2', '2016-02-12 00:00:00', '1', '沈阳市浑南区沈中大街20号8层806', '李丽梅', '18918885188', 'hscn123', '2015-02-03 00:00:00', 'hscn123', '2016-04-01 00:00:00', '02', '00:30', '05', '010116070500003', '张军', '18600908655'), ('W00000100000020', '设备2', '000001', '1', '123456789013', '2', '2016-02-12 00:00:00', '1', '沈阳市浑南区文化路15号楼1-1001', '周名阳', '024-82062182', 'hscn123', '2015-02-03 00:00:00', 'hscn123', '2016-04-01 00:00:00', '01', '00:30', '05', '010116070500004', '张军', '18600908655'), ('W00000100000023', '设备9-2', '000001', '1', '123456789101', '2', '2016-02-12 00:00:00', '1', '沈阳市浑南区文化路18号楼12-1202', '周作霖', '13988763902', 'hscn123', '2015-02-03 00:00:00', 'hscn123', '2016-04-01 00:00:00', '01', '21:30', '05', '010116070500005', '刘丽丽', '13910221456'), ('W00000100000030', '设备3', '000001', '1', '123456789014', '2', '2016-02-12 00:00:00', '1', '沈阳市浑南区长江南街6号2-201', '李莉', '13986690098', 'hscn123', '2015-02-03 00:00:00', 'hscn123', '2016-04-01 00:00:00', '10', '21:30', '05', '010116070500006', '刘丽丽', '13910221456'), ('W00000100000123', '设备2-2', '000001', '1', '123456789101', '2', '2016-02-12 00:00:00', '1', '沈阳市浑南区长江南街6号5-201', '冯远', '13983690046', 'hscn123', '2015-02-03 00:00:00', 'hscn123', '2016-04-01 00:00:00', '10', '21:30', '05', '010116070500007', '方世敏', '18501278662'), ('W00000200000002', '设备2-2', '000002', '1', '123456789014', '2', '2016-02-12 00:00:00', '1', '沈阳市铁西区景星南街1号楼14层2号', '赵梓佳', '13986690066', 'hscn123', '2015-02-03 00:00:00', 'hscn123', '2016-04-01 00:00:00', '10', '21:30', '05', '010116070500008', '方世敏', '18501278662'), ('W00000200000022', '设备2-22', '000002', '1', '123456789012', '2', '2016-02-12 00:00:00', '1', '沈阳市铁西区景星南街12号楼1层3号', '王强', '13155175623', 'hscn123', '2015-02-03 00:00:00', 'hscn123', '2016-04-01 00:00:00', '10', '21:30', '05', '010116070500009', '冯齐', '15812583326'), ('W00000300000001', 'This is 设备3-1', '000003', '1', '12345678910112', '2', '2016-02-12 00:00:00', '1', '沈阳市皇姑区长江南街9号3-101', '孙晓淼', '13986690000', 'hscn123', '2015-02-03 00:00:00', 'hscn123', '2016-04-01 00:00:00', '10', '21:30', '05', '010116070500010', '冯齐', '15812583326'), ('W99999900000002', '设备99-2', '999999', '1', '123456789012', '1', '2016-02-12 00:00:00', '1', '沈阳市沈河区文化路10号1-102', '刘渺渺', '13155175623', 'hscn123', '2015-02-03 00:00:00', 'hscn123', '2016-04-01 00:00:00', '00', '21:30', '05', '010116070500011', '李大伟', '13090678437'), ('W99999999999999', '设备999', '999999', '1', '123456789013', '1', '2016-02-12 00:00:00', '1', '沈阳市沈河区文化路18号2-206', '王芳萍', '024-66828212', 'hscn123', '2015-02-03 00:00:00', 'hscn123', '2016-04-01 00:00:00', '00', '21:30', '05', '010116070500012', '李大伟', '13090678437');
COMMIT;

-- ----------------------------
--  Table structure for `tbl_regioninfo_mst`
-- ----------------------------
DROP TABLE IF EXISTS `tbl_regioninfo_mst`;
CREATE TABLE `tbl_regioninfo_mst` (
  `RegionID` varchar(6) NOT NULL COMMENT '测点ID\\n设备测点（区域）',
  `RegionSummary` varchar(40) NOT NULL COMMENT '测点概要描述\\n该测点的安装地点',
  `RegionDetail` varchar(200) default NULL COMMENT '测点详细描述\\n该测点的区域范围，电话，联系人等',
  `InsertUser` varchar(20) NOT NULL COMMENT '登录人员\\n登录用户的UserID',
  `InsertTime` datetime NOT NULL COMMENT '登录日期\\nInsert记录的时间',
  `UpdateUser` varchar(20) NOT NULL COMMENT '更新人员\\n登录用户的UserID',
  `UpdateTime` datetime NOT NULL COMMENT '更新日期\\nUpdate记录的时间',
  PRIMARY KEY  (`RegionID`)
) ENGINE=InnoDB DEFAULT CHARSET=utf8 ROW_FORMAT=COMPACT COMMENT='该表存储测点区域信息';

-- ----------------------------
--  Records of `tbl_regioninfo_mst`
-- ----------------------------
BEGIN;
INSERT INTO `tbl_regioninfo_mst` VALUES ('000001', '沈阳市浑南区沈中大街', '024-23768211', 'hscn123', '2015-03-10 00:00:00', 'hscn123', '2016-04-01 00:00:00'), ('000002', '沈阳市铁西区景星南街', '024-25411555', 'hscn123', '2015-03-10 00:00:00', 'hscn123', '2016-04-01 00:00:00'), ('000003', '沈阳市皇姑区长江南街', '18610566778', 'hscn123', '2015-03-10 00:00:00', 'hscn123', '2016-04-01 00:00:00'), ('999999', '沈阳市沈河区文化路', '024-23986026', 'hscn123', '2015-03-10 00:00:00', 'hscn123', '2015-03-10 00:00:00');
COMMIT;

-- ----------------------------
--  Table structure for `tbl_userright`
-- ----------------------------
DROP TABLE IF EXISTS `tbl_userright`;
CREATE TABLE `tbl_userright` (
  `UserID` varchar(20) NOT NULL,
  `PageID` varchar(50) NOT NULL,
  `PageName` varchar(50) NOT NULL,
  `QueryRoleFlag` varchar(1) NOT NULL default '0',
  `AlterRoleFlag` varchar(1) NOT NULL default '0',
  `InsertUser` varchar(20) NOT NULL,
  `InsertTime` datetime NOT NULL,
  `UpdateUser` varchar(20) NOT NULL,
  `UpdateTime` datetime NOT NULL,
  PRIMARY KEY  (`UserID`,`PageID`)
) ENGINE=InnoDB DEFAULT CHARSET=utf8;

-- ----------------------------
--  Records of `tbl_userright`
-- ----------------------------
BEGIN;
INSERT INTO `tbl_userright` VALUES ('hscn123', 'DeviceManage', '设备管理画面', '1', '1', 'hscn123', '2016-07-05 22:05:35', 'hscn123', '2016-07-05 22:05:41'), ('hscn123', 'UserRightManage', '用户权限管理画面', '1', '1', 'hscn123', '2016-07-05 22:06:36', 'hscn123', '2016-07-05 22:06:38'), ('swwang', 'DeviceManage', '设备管理画面', '1', '1', 'hscn123', '2016-07-05 22:07:19', 'hscn123', '2016-07-05 22:07:21'), ('swwang', 'UserRightManage', '用户权限管理画面', '1', '1', 'hscn123', '2016-07-05 22:08:22', 'hscn123', '2016-07-05 22:08:26');
COMMIT;

-- ----------------------------
--  Table structure for `tbl_userrole_mst`
-- ----------------------------
DROP TABLE IF EXISTS `tbl_userrole_mst`;
CREATE TABLE `tbl_userrole_mst` (
  `KeyCode` varchar(11) NOT NULL COMMENT '采番\\n自动采番',
  `UserID` varchar(20) NOT NULL COMMENT '用户ID\\n登录用户名，字母+数字组合',
  `UserName` varchar(40) NOT NULL COMMENT '用户名',
  `UserPassword` varchar(20) NOT NULL default '12345678' COMMENT '用户密码',
  `UserValidFlag` varchar(1) NOT NULL default '1' COMMENT '用户有效标识\\n0：无效；1：有效',
  `InsertUser` varchar(20) NOT NULL COMMENT '登录人员\\n登录用户的UserID',
  `InsertTime` datetime NOT NULL COMMENT '登录日期\\nInsert记录的时间',
  `UpdateUser` varchar(20) NOT NULL COMMENT '更新人员\\n登录用户的UserID',
  `UpdateTime` datetime NOT NULL COMMENT '更新日期\\nUpdate记录的时间',
  `BirthDate` date default NULL,
  `UserGender` varchar(1) NOT NULL default '0',
  `UserDep` varchar(3) NOT NULL default '1',
  `UserPosition` varchar(20) default NULL,
  `UserTel` varchar(20) default NULL,
  `comment` varchar(200) default NULL,
  PRIMARY KEY  (`KeyCode`,`UserID`)
) ENGINE=InnoDB DEFAULT CHARSET=utf8 COMMENT='该表存储系统用户信息';

-- ----------------------------
--  Records of `tbl_userrole_mst`
-- ----------------------------
BEGIN;
INSERT INTO `tbl_userrole_mst` VALUES ('1', 'hscn123', '测试用户', 'hscn123', '1', 'hscn123', '2015-05-16 15:52:20', 'hscn123', '2015-05-16 15:52:20', '1980-07-05', '0', '001', '经理', '18910668010', '这是一个测试用户。注释内容。'), ('2', 'swwang', '王绍伟', 'swwang', '1', 'hscn123', '2016-07-05 21:59:44', 'hscn123', '2016-07-05 21:59:53', '1979-07-05', '0', '001', '主任', '18910021800', '这是王绍伟的测试账号');
COMMIT;

-- ----------------------------
--  Table structure for `tbl_waterinfo`
-- ----------------------------
DROP TABLE IF EXISTS `tbl_waterinfo`;
CREATE TABLE `tbl_waterinfo` (
  `RegionID` varchar(6) NOT NULL COMMENT '测点ID',
  `DeviceID` varchar(15) NOT NULL COMMENT '\\''设备ID\\''  \\''W\\''+6位测点ID+8位设备序列号',
  `CollectTime` varchar(14) NOT NULL COMMENT '\\''采集时间，\\''YYYYMMDDHHMMSS\\''格式',
  `WaterPic` varchar(200) default NULL COMMENT '存储采集的图片，不超过65K',
  `WaterNumber` int(8) default NULL COMMENT '水表读数数字 上述图片中的水表读数数字',
  `IdentifyFlag` varchar(1) default NULL COMMENT '图像识别标记\\n0:未识别，1：已识别，2：已修正',
  `InsertUser` varchar(20) NOT NULL COMMENT '登录人员\\n登录用户的UserID',
  `InsertTime` datetime NOT NULL COMMENT '登录日期\\nInsert记录的时间',
  `UpdateUser` varchar(20) NOT NULL COMMENT '更新人员\\n登录用户的UserID',
  `UpdateTime` datetime NOT NULL COMMENT '更新日期\\nUpdate记录的时间',
  PRIMARY KEY  (`RegionID`,`DeviceID`,`CollectTime`)
) ENGINE=InnoDB DEFAULT CHARSET=utf8 ROW_FORMAT=COMPACT COMMENT='该表存储水表读数信息\n※测点与设备的对应关系：\n  1个测点可以对应多个设备，1个设备只能从属于某1个测点';

-- ----------------------------
--  Records of `tbl_waterinfo`
-- ----------------------------
BEGIN;
INSERT INTO `tbl_waterinfo` VALUES ('000001', 'W00000100000001', '20140614020030', 'C:\\wt_move\\W0000010000000120140614020030.jpg', '497', '1', 'PicProgram', '2016-06-22 09:58:44', 'PicProgram', '2016-06-22 09:58:44'), ('000001', 'W00000100000001', '20150101203030', 'C:\\wt_move\\W0000010000000120150101203030.jpg', '1', '1', 'PicProgram', '2016-06-22 09:58:44', 'PicProgram', '2016-06-22 09:58:44'), ('000001', 'W00000100000001', '20160101020030', 'C:\\wt_move\\W0000010000000120160101020030.jpg', '497', '1', 'PicProgram', '2016-06-22 09:58:44', 'PicProgram', '2016-06-22 09:58:44'), ('000001', 'W00000100000001', '20160133020030', 'C:\\wt_move\\W0000010000000120160133020030.jpg', '497', '1', 'PicProgram', '2016-06-22 09:58:45', 'PicProgram', '2016-06-22 09:58:45'), ('000001', 'W00000100000001', '20160201020030', 'C:\\wt_move\\W0000010000000120160201020030.jpg', '1175', '1', 'PicProgram', '2016-06-22 09:58:45', 'PicProgram', '2016-06-22 09:58:45'), ('000001', 'W00000100000001', '20160301020030', 'C:\\wt_move\\W0000010000000120160301020030.jpg', '223', '1', 'PicProgram', '2016-06-22 09:58:45', 'PicProgram', '2016-06-22 09:58:45'), ('000001', 'W00000100000001', '20160401020030', 'C:\\wt_move\\W0000010000000120160401020030.jpg', '13501', '1', 'PicProgram', '2016-06-22 09:58:46', 'PicProgram', '2016-06-22 09:58:46'), ('000001', 'W00000100000001', '20160501020030', 'C:\\wt_move\\W0000010000000120160501020030.jpg', '132', '1', 'PicProgram', '2016-06-22 09:58:46', 'PicProgram', '2016-06-22 09:58:46'), ('000001', 'W00000100000002', '20151201223030', 'C:\\wt_move\\W0000010000000220151201223030.jpg', '97', '1', 'PicProgram', '2016-06-22 09:58:49', 'PicProgram', '2016-06-22 09:58:49'), ('000001', 'W00000100000002', '20160101223030', 'C:\\wt_move\\W0000010000000220160101223030.jpg', '275', '1', 'PicProgram', '2016-06-22 09:58:49', 'PicProgram', '2016-06-22 09:58:49'), ('000001', 'W00000100000002', '20160201223030', 'C:\\wt_move\\W0000010000000220160201223030.jpg', '64', '1', 'PicProgram', '2016-06-22 09:58:49', 'PicProgram', '2016-06-22 09:58:49'), ('000001', 'W00000100000002', '20160301223030', 'C:\\wt_move\\W0000010000000220160301223030.jpg', '52', '1', 'PicProgram', '2016-06-22 09:58:50', 'PicProgram', '2016-06-22 09:58:50'), ('000001', 'W00000100000002', '20160401223030', 'C:\\wt_move\\W0000010000000220160401223030.jpg', '103', '1', 'PicProgram', '2016-06-22 09:58:50', 'PicProgram', '2016-06-22 09:58:50'), ('000001', 'W00000100000002', '20160501223030', 'C:\\wt_move\\W0000010000000220160501223030.jpg', '23', '1', 'PicProgram', '2016-06-22 09:58:50', 'PicProgram', '2016-06-22 09:58:50'), ('000001', 'W00000100000002', '20160601223030', 'C:\\wt_move\\W0000010000000220160601223030.jpg', '97', '1', 'PicProgram', '2016-06-22 09:58:50', 'PicProgram', '2016-06-22 09:58:50'), ('000001', 'W00000100000002', '20160626131132', 'C:\\wt_move\\W0000010000000220160626131132.jpg', '10000', '1', 'PicProgram', '2016-06-26 13:11:41', 'PicProgram', '2016-06-26 13:11:41'), ('000001', 'W00000100000002', '20160627153039', 'C:\\wt_move\\W0000010000000220160627153039.jpg', '0', '1', 'PicProgram', '2016-06-27 15:30:47', 'PicProgram', '2016-06-27 15:30:47'), ('000001', 'W00000100000002', '20160627153346', 'C:\\wt_move\\W0000010000000220160627153346.jpg', '83', '1', 'PicProgram', '2016-06-27 15:33:53', 'PicProgram', '2016-06-27 15:33:53'), ('000001', 'W00000100000002', '20160627153837', 'C:\\wt_move\\W0000010000000220160627153837.jpg', '0', '1', 'PicProgram', '2016-06-27 15:38:42', 'PicProgram', '2016-06-27 15:38:42'), ('000001', 'W00000100000002', '20160627154216', 'C:\\wt_move\\W0000010000000220160627154216.jpg', '10083', '1', 'PicProgram', '2016-06-27 15:42:23', 'PicProgram', '2016-06-27 15:42:23'), ('000001', 'W00000100000002', '20160627225549', 'C:\\wt_move\\W0000010000000220160627225549.jpg', '0', '1', 'PicProgram', '2016-06-27 22:56:00', 'PicProgram', '2016-06-27 22:56:00'), ('000001', 'W00000100000002', '20160627225830', 'C:\\wt_move\\W0000010000000220160627225830.jpg', '0', '1', 'PicProgram', '2016-06-27 22:58:42', 'PicProgram', '2016-06-27 22:58:42'), ('000001', 'W00000100000002', '20160627230105', 'C:\\wt_move\\W0000010000000220160627230105.jpg', '0', '1', 'PicProgram', '2016-06-27 23:01:18', 'PicProgram', '2016-06-27 23:01:18'), ('000001', 'W00000100000002', '20160627230510', 'C:\\wt_move\\W0000010000000220160627230510.jpg', '0', '1', 'PicProgram', '2016-06-27 23:06:31', 'PicProgram', '2016-06-27 23:06:31'), ('000001', 'W00000100000002', '20160627231016', 'C:\\wt_move\\W0000010000000220160627231016.jpg', '0', '1', 'PicProgram', '2016-06-27 23:10:48', 'PicProgram', '2016-06-27 23:10:48'), ('000001', 'W00000100000002', '20160627231338', 'C:\\wt_move\\W0000010000000220160627231338.jpg', '0', '1', 'PicProgram', '2016-06-27 23:14:26', 'PicProgram', '2016-06-27 23:14:26'), ('000001', 'W00000100000002', '20160627231712', 'C:\\wt_move\\W0000010000000220160627231712.jpg', '0', '1', 'PicProgram', '2016-06-27 23:17:24', 'PicProgram', '2016-06-27 23:17:24'), ('000001', 'W00000100000002', '20160627231947', 'C:\\wt_move\\W0000010000000220160627231947.jpg', '0', '1', 'PicProgram', '2016-06-27 23:19:54', 'PicProgram', '2016-06-27 23:19:54'), ('000001', 'W00000100000002', '20160627232215', 'C:\\wt_move\\W0000010000000220160627232215.jpg', '0', '1', 'PicProgram', '2016-06-27 23:22:22', 'PicProgram', '2016-06-27 23:22:22'), ('000001', 'W00000100000002', '20160627232446', 'C:\\wt_move\\W0000010000000220160627232446.jpg', '0', '1', 'PicProgram', '2016-06-27 23:24:52', 'PicProgram', '2016-06-27 23:24:52'), ('000001', 'W00000100000002', '20160627232716', 'C:\\wt_move\\W0000010000000220160627232716.jpg', '0', '1', 'PicProgram', '2016-06-27 23:27:22', 'PicProgram', '2016-06-27 23:27:22'), ('000001', 'W00000100000002', '20160627232951', 'C:\\wt_move\\W0000010000000220160627232951.jpg', '0', '1', 'PicProgram', '2016-06-27 23:30:00', 'PicProgram', '2016-06-27 23:30:00'), ('000001', 'W00000100000002', '20160627233230', 'C:\\wt_move\\W0000010000000220160627233230.jpg', '0', '1', 'PicProgram', '2016-06-27 23:32:40', 'PicProgram', '2016-06-27 23:32:40'), ('000001', 'W00000100000002', '20160627233506', 'C:\\wt_move\\W0000010000000220160627233506.jpg', '0', '1', 'PicProgram', '2016-06-27 23:35:16', 'PicProgram', '2016-06-27 23:35:16'), ('000001', 'W00000100000002', '20160627233745', 'C:\\wt_move\\W0000010000000220160627233745.jpg', '0', '1', 'PicProgram', '2016-06-27 23:37:54', 'PicProgram', '2016-06-27 23:37:54'), ('000001', 'W00000100000002', '20160628095531', 'C:\\wt_move\\W0000010000000220160628095531.jpg', '0', '1', 'PicProgram', '2016-06-28 09:55:42', 'PicProgram', '2016-06-28 09:55:42'), ('000001', 'W00000100000002', '20160628095806', 'C:\\wt_move\\W0000010000000220160628095806.jpg', '0', '1', 'PicProgram', '2016-06-28 09:58:13', 'PicProgram', '2016-06-28 09:58:13'), ('000001', 'W00000100000002', '20160628100040', 'C:\\wt_move\\W0000010000000220160628100040.jpg', '0', '1', 'PicProgram', '2016-06-28 10:00:46', 'PicProgram', '2016-06-28 10:00:46'), ('000001', 'W00000100000002', '20160628100312', 'C:\\wt_move\\W0000010000000220160628100312.jpg', '0', '1', 'PicProgram', '2016-06-28 10:03:20', 'PicProgram', '2016-06-28 10:03:20'), ('000001', 'W00000100000002', '20160628100547', 'C:\\wt_move\\W0000010000000220160628100547.jpg', '90000', '1', 'PicProgram', '2016-06-28 10:05:58', 'PicProgram', '2016-06-28 10:05:58'), ('000001', 'W00000100000002', '20160628100834', 'C:\\wt_move\\W0000010000000220160628100834.jpg', '0', '1', 'PicProgram', '2016-06-28 10:08:43', 'PicProgram', '2016-06-28 10:08:43'), ('000001', 'W00000100000002', '20160628101113', 'C:\\wt_move\\W0000010000000220160628101113.jpg', '11', '1', 'PicProgram', '2016-06-28 10:11:24', 'PicProgram', '2016-06-28 10:11:24'), ('000001', 'W00000100000002', '20160628101345', 'C:\\wt_move\\W0000010000000220160628101345.jpg', '90000', '1', 'PicProgram', '2016-06-28 10:13:54', 'PicProgram', '2016-06-28 10:13:54'), ('000001', 'W00000100000002', '20160628101625', 'C:\\wt_move\\W0000010000000220160628101625.jpg', '90000', '1', 'PicProgram', '2016-06-28 10:16:35', 'PicProgram', '2016-06-28 10:16:35'), ('000001', 'W00000100000002', '20160628101907', 'C:\\wt_move\\W0000010000000220160628101907.jpg', '0', '1', 'PicProgram', '2016-06-28 10:19:19', 'PicProgram', '2016-06-28 10:19:19'), ('000001', 'W00000100000003', '20160705113104', 'C:\\wt_move\\W0000010000000320160705113104.jpg', '0', '1', 'PicProgram', '2016-07-05 11:57:54', 'PicProgram', '2016-07-05 11:57:54'), ('000001', 'W00000100000003', '20160705113644', 'C:\\wt_move\\W0000010000000320160705113644.jpg', '0', '1', 'PicProgram', '2016-07-05 11:57:54', 'PicProgram', '2016-07-05 11:57:54'), ('000001', 'W00000100000003', '20160705114217', 'C:\\wt_move\\W0000010000000320160705114217.jpg', '0', '1', 'PicProgram', '2016-07-05 11:57:54', 'PicProgram', '2016-07-05 11:57:54'), ('000001', 'W00000100000003', '20160705114759', 'C:\\wt_move\\W0000010000000320160705114759.jpg', '0', '1', 'PicProgram', '2016-07-05 11:57:54', 'PicProgram', '2016-07-05 11:57:54'), ('000001', 'W00000100000003', '20160705115328', 'C:\\wt_move\\W0000010000000320160705115328.jpg', '0', '1', 'PicProgram', '2016-07-05 11:57:54', 'PicProgram', '2016-07-05 11:57:54'), ('000001', 'W00000100000003', '20160705115908', 'C:\\wt_move\\W0000010000000320160705115908.jpg', '0', '1', 'PicProgram', '2016-07-05 11:59:17', 'PicProgram', '2016-07-05 11:59:17'), ('000001', 'W00000100000003', '20160705120456', 'C:\\wt_move\\W0000010000000320160705120456.jpg', '0', '1', 'PicProgram', '2016-07-05 12:05:05', 'PicProgram', '2016-07-05 12:05:05'), ('000001', 'W00000199999999', '20160502235959', 'C:\\wt_move\\W0000019999999920160502235959.jpg', '229950', '1', 'PicProgram', '2016-06-22 09:58:51', 'PicProgram', '2016-06-22 09:58:51'), ('000001', 'W00000199999999', '20160503235959', 'C:\\wt_move\\W0000019999999920160503235959.jpg', '1240940', '1', 'PicProgram', '2016-06-22 09:58:51', 'PicProgram', '2016-06-22 09:58:51'), ('000001', 'W00000199999999', '20160504235959', 'C:\\wt_move\\W0000019999999920160504235959.jpg', '229950', '1', 'PicProgram', '2016-06-22 09:58:52', 'PicProgram', '2016-06-22 09:58:52'), ('000001', 'W00000199999999', '20160505235959', 'C:\\wt_move\\W0000019999999920160505235959.jpg', '1240940', '1', 'PicProgram', '2016-06-22 09:58:52', 'PicProgram', '2016-06-22 09:58:52'), ('000002', 'W00000200000001', '19700504235959', 'C:\\wt_move\\W0000020000000119700504235959.jpg', '229950', '1', 'PicProgram', '2016-06-22 09:58:53', 'PicProgram', '2016-06-22 09:58:53'), ('000002', 'W00000200000001', '20160101020030', 'C:\\wt_move\\W0000020000000120160101020030.jpg', '497', '1', 'PicProgram', '2016-06-22 09:58:53', 'PicProgram', '2016-06-22 09:58:53'), ('000002', 'W00000200000001', '20160201020030', 'C:\\wt_move\\W0000020000000120160201020030.jpg', '1175', '1', 'PicProgram', '2016-06-22 09:58:54', 'PicProgram', '2016-06-22 09:58:54'), ('000002', 'W00000200000001', '20160301020030', 'C:\\wt_move\\W0000020000000120160301020030.jpg', '223', '1', 'PicProgram', '2016-06-22 09:58:54', 'PicProgram', '2016-06-22 09:58:54'), ('000002', 'W00000200000001', '20160401020030', 'C:\\wt_move\\W0000020000000120160401020030.jpg', '13501', '1', 'PicProgram', '2016-06-22 09:58:54', 'PicProgram', '2016-06-22 09:58:54'), ('000002', 'W00000200000001', '20160501020030', 'C:\\wt_move\\W0000020000000120160501020030.jpg', '132', '1', 'PicProgram', '2016-06-22 09:58:55', 'PicProgram', '2016-06-22 09:58:55'), ('000002', 'W00000200000001', '20160601020030', 'C:\\wt_move\\W0000020000000120160601020030.jpg', '7', '1', 'PicProgram', '2016-06-22 09:58:55', 'PicProgram', '2016-06-22 09:58:55'), ('000002', 'W00000200000002', '20160101223030', 'C:\\wt_move\\W0000020000000220160101223030.jpg', '275', '1', 'PicProgram', '2016-06-22 09:58:55', 'PicProgram', '2016-06-22 09:58:55'), ('000002', 'W00000200000002', '20160201223030', 'C:\\wt_move\\W0000020000000220160201223030.jpg', '64', '1', 'PicProgram', '2016-06-22 09:58:56', 'PicProgram', '2016-06-22 09:58:56'), ('000003', 'W00000300000001', '19701204255959', 'C:\\wt_move\\W0000030000000119701204255959.jpg', '229950', '1', 'PicProgram', '2016-06-22 09:59:11', 'PicProgram', '2016-06-22 09:59:11'), ('000003', 'W00000300000001', '20160201020030', 'C:\\wt_move\\W0000030000000120160201020030.jpg', '1175', '1', 'PicProgram', '2016-06-22 09:59:11', 'PicProgram', '2016-06-22 09:59:11'), ('000003', 'W00000300000001', '20160301020030', 'C:\\wt_move\\W0000030000000120160301020030.jpg', '223', '1', 'PicProgram', '2016-06-22 09:59:12', 'PicProgram', '2016-06-22 09:59:12'), ('000003', 'W00000300000001', '20160401020030', 'C:\\wt_move\\W0000030000000120160401020030.jpg', '13501', '1', 'PicProgram', '2016-06-22 09:59:12', 'PicProgram', '2016-06-22 09:59:12'), ('999999', 'W99999900000002', '20151001223030', 'C:\\wt_move\\W9999990000000220151001223030.jpg', '23', '1', 'PicProgram', '2016-06-22 09:59:12', 'PicProgram', '2016-06-22 09:59:12'), ('999999', 'W99999900000002', '20151101223030', 'C:\\wt_move\\W9999990000000220151101223030.jpg', '23', '1', 'PicProgram', '2016-06-22 09:59:13', 'PicProgram', '2016-06-22 09:59:13'), ('999999', 'W99999900000002', '20151201223030', 'C:\\wt_move\\W9999990000000220151201223030.jpg', '23', '1', 'PicProgram', '2016-06-22 09:59:13', 'PicProgram', '2016-06-22 09:59:13'), ('999999', 'W99999900000002', '20160101223030', 'C:\\wt_move\\W9999990000000220160101223030.jpg', '103', '1', 'PicProgram', '2016-06-22 09:59:13', 'PicProgram', '2016-06-22 09:59:13'), ('999999', 'W99999900000002', '20160201223030', 'C:\\wt_move\\W9999990000000220160201223030.jpg', '52', '1', 'PicProgram', '2016-06-22 09:59:14', 'PicProgram', '2016-06-22 09:59:14'), ('999999', 'W99999900000002', '20160301223030', 'C:\\wt_move\\W9999990000000220160301223030.jpg', '52', '1', 'PicProgram', '2016-06-22 09:59:14', 'PicProgram', '2016-06-22 09:59:14'), ('999999', 'W99999900000002', '20160401223030', 'C:\\wt_move\\W9999990000000220160401223030.jpg', '103', '1', 'PicProgram', '2016-06-22 09:59:14', 'PicProgram', '2016-06-22 09:59:14'), ('999999', 'W99999900000002', '20160501223030', 'C:\\wt_move\\W9999990000000220160501223030.jpg', '23', '1', 'PicProgram', '2016-06-22 09:59:14', 'PicProgram', '2016-06-22 09:59:14');
COMMIT;

SET FOREIGN_KEY_CHECKS = 1;
